{
  "Spain": 2146.8370559282416,
  "Argentina": 2076.760868785116,
  "France": 2054.710282877303,
  "England": 2036.0192156731034,
  "Germany": 1992.4241038681014,
  "Japan": 1984.9208047003794,
  "Morocco": 1983.7754549647436,
  "Brazil": 1971.3955136277166,
  "Portugal": 1971.264824262252,
  "Colombia": 1967.5754304306256,
  "Netherlands": 1961.0776020265005,
  "Mexico": 1948.137249444286,
  "Australia": 1942.3744903447614,
  "Norway": 1940.5228135006396,
  "Ecuador": 1937.041503233402,
  "Croatia": 1925.5732651917533,
  "Turkey": 1912.7267397924252,
  "United States": 1909.8619521542182,
  "South Korea": 1907.2546356319344,
  "Uruguay": 1903.2368510919237,
  "Belgium": 1892.322777882,
  "Switzerland": 1881.6263115029735,
  "Italy": 1878.9060507667868,
  "Iran": 1872.509963264146,
  "Senegal": 1866.7263078822564,
  "Denmark": 1863.1376027893657,
  "Algeria": 1860.8401335424146,
  "Paraguay": 1858.9287090043485,
  "Canada": 1850.725572016129,
  "Scotland": 1848.8077807979673,
  "Ivory Coast": 1843.7014441023807,
  "Austria": 1834.5593408948496,
  "Uzbekistan": 1833.6801585331234,
  "Nigeria": 1827.2704720679021,
  "Russia": 1822.221382044741,
  "Panama": 1805.6757138254459,
  "Jersey": 1793.481812493132,
  "Egypt": 1779.921907172297,
  "Sweden": 1779.5181599426319,
  "Iraq": 1770.809924707341,
  "Venezuela": 1765.4846281589112,
  "Jordan": 1764.8623948884865,
  "Kosovo": 1758.6995261349336,
  "Ukraine": 1754.9650926900345,
  "Hungary": 1754.393037023446,
  "Greece": 1751.7667667277674,
  "DR Congo": 1750.8812957793314,
  "Poland": 1747.1861612931007,
  "Republic of Ireland": 1745.683466320914,
  "Czech Republic": 1741.7439063645447,
  "Chile": 1738.6300293945974,
  "Serbia": 1736.3957911095818,
  "Basque Country": 1734.8142915327812,
  "Wales": 1728.1181914643885,
  "Guernsey": 1719.0458511605657,
  "New Zealand": 1715.80001590298,
  "Saudi Arabia": 1715.107436654255,
  "Bolivia": 1712.6987631426582,
  "Peru": 1708.2504493395006,
  "Costa Rica": 1706.4553682022063,
  "Northern Cyprus": 1694.9983078087794,
  "Slovenia": 1692.3438949226233,
  "Slovakia": 1690.9678238671145,
  "Cameroon": 1690.8045188458486,
  "Isle of Man": 1689.473259834756,
  "Tunisia": 1685.3987827010146,
  "Ynys M\u00f4n": 1676.9497276022616,
  "Honduras": 1676.3718606055193,
  "United Arab Emirates": 1672.3252974856694,
  "Mali": 1669.802727021673,
  "Bosnia and Herzegovina": 1666.978373869116,
  "Catalonia": 1666.7008510231258,
  "Isle of Wight": 1660.336054848682,
  "Padania": 1658.5920297792093,
  "Occitania": 1658.397237057965,
  "Haiti": 1654.7915734246833,
  "Jamaica": 1653.8849444686773,
  "Cape Verde": 1653.6415625690752,
  "Burkina Faso": 1648.9427175832407,
  "Romania": 1644.2266530399959,
  "Georgia": 1644.1037651617369,
  "South Africa": 1643.0450877574947,
  "Albania": 1642.9677247439577,
  "Qatar": 1640.5954200796239,
  "Ghana": 1637.83063507886,
  "Guatemala": 1636.9251753308824,
  "Iraqi Kurdistan": 1635.033785586807,
  "Abkhazia": 1627.9044574956774,
  "Israel": 1622.5544289409586,
  "Yugoslavia": 1613.8218096406702,
  "North Macedonia": 1612.393025441235,
  "Northern Ireland": 1612.1673578595467,
  "Cura\u00e7ao": 1605.3264555546145,
  "Czechoslovakia": 1602.6383259488075,
  "Andalusia": 1601.490775610346,
  "K\u00e1rp\u00e1talja": 1600.5209526545707,
  "Oman": 1600.2301995549635,
  "Kernow": 1600.1335500493112,
  "Rhodes": 1596.521977469095,
  "County of Nice": 1593.8241348597626,
  "Suriname": 1591.3443670230845,
  "Iceland": 1586.5770420332353,
  "Palestine": 1584.766252395361,
  "China": 1577.766518985436,
  "Tamil Eelam": 1572.2757044131524,
  "Syria": 1572.0698371213216,
  "R\u00e9union": 1569.7839788919916,
  "Artsakh": 1566.2568882598825,
  "Kurdistan": 1564.1292596664669,
  "Ellan Vannin": 1563.352688563819,
  "New Caledonia": 1560.1584521754114,
  "Corsica": 1557.052155485967,
  "Yorkshire": 1556.9385810026363,
  "Thailand": 1556.4749395175168,
  "Panjab": 1553.3768939181912,
  "Gabon": 1550.9840426425778,
  "Zanzibar": 1550.9318436285487,
  "Arameans Suryoye": 1550.224335261072,
  "Angola": 1544.7875308306307,
  "Finland": 1544.5674292687488,
  "Menorca": 1543.642102146045,
  "Galicia": 1543.152865524124,
  "Indonesia": 1542.9245793133998,
  "Libya": 1542.5788135150078,
  "Belarus": 1540.5597040497023,
  "Cascadia": 1539.9694458495267,
  "German DR": 1539.8792513944404,
  "Malaysia": 1538.40634214526,
  "Benin": 1538.3745864851633,
  "Uganda": 1536.849211726924,
  "Maule Sur": 1536.216314784643,
  "Guadeloupe": 1530.452882931858,
  "Chameria": 1529.953277989706,
  "Trinidad and Tobago": 1529.9387782748584,
  "Vietnam": 1523.175733521416,
  "Bulgaria": 1523.1740077660795,
  "Bahrain": 1523.0665620386726,
  "Biafra": 1520.4780151772964,
  "Canary Islands": 1520.2062189356593,
  "Guinea": 1519.2521931155015,
  "Elba Island": 1518.9498848508297,
  "Quebec": 1515.620226641971,
  "Brittany": 1515.1133993372216,
  "Madagascar": 1513.3705128618064,
  "Parishes of Jersey": 1513.1230586142458,
  "Crimea": 1512.556675075502,
  "Kyrgyzstan": 1512.1420213865483,
  "Surrey": 1510.2694886285558,
  "Nicaragua": 1509.980632308298,
  "Felvid\u00e9k": 1509.2728546308394,
  "Zambia": 1509.1978738482594,
  "Donetsk PR": 1507.139606366046,
  "Silesia": 1506.2393012161415,
  "Mapuche": 1502.9123358859395,
  "Kuwait": 1501.7759140250778,
  "Gambia": 1500.803441069893,
  "Kazakhstan": 1498.3848048127845,
  "Saugeais": 1497.9639565439631,
  "Shetland": 1497.3797309637484,
  "Niger": 1496.4028092503602,
  "United Koreans in Japan": 1495.912148107702,
  "D\u00e9lvid\u00e9k": 1495.3913863294215,
  "Tahiti": 1494.7546016943857,
  "Western Armenia": 1493.8385529725197,
  "Madrid": 1491.887212375734,
  "Matabeleland": 1491.757516816704,
  "Cilento": 1488.874979586399,
  "Seborga": 1487.9674052445475,
  "Luhansk PR": 1487.392559087602,
  "Sz\u00e9kely Land": 1485.4516729387421,
  "Mozambique": 1484.9742161752406,
  "Ry\u016bky\u016b": 1484.7326358488417,
  "Montenegro": 1484.4529788037898,
  "South Ossetia": 1484.216069980395,
  "Togo": 1484.131741304249,
  "Republic of St. Pauli": 1483.650082418779,
  "Dominican Republic": 1481.8754450647502,
  "Franconia": 1481.601436024685,
  "West Papua": 1481.3707485732502,
  "\u00c5land Islands": 1480.5486324347598,
  "El Salvador": 1480.2117482429119,
  "Somaliland": 1479.9957811859167,
  "Sealand": 1479.3217248884075,
  "Yoruba Nation": 1479.254937878879,
  "Guyana": 1477.872938719117,
  "Palau": 1475.815568085348,
  "Gozo": 1473.023224102743,
  "North Korea": 1471.9375765782427,
  "Chechnya": 1470.9043380177675,
  "Greenland": 1466.9647949089112,
  "Hmong": 1466.735656261587,
  "Martinique": 1464.2450847933355,
  "S\u00e1pmi": 1464.0617737112127,
  "Papua New Guinea": 1462.9657343297386,
  "Romani people": 1461.6687760792604,
  "Kabylia": 1461.2209124385286,
  "Aymara": 1460.8713493294176,
  "East Turkestan": 1460.863898999524,
  "Rwanda": 1458.6203023393282,
  "Monaco": 1456.802795056788,
  "Sierra Leone": 1455.5460420119794,
  "Kenya": 1455.3969984756523,
  "Sudan": 1454.8559171133943,
  "Comoros": 1450.8043229182404,
  "Ticino": 1446.6855348331685,
  "Faroe Islands": 1445.993087020073,
  "Provence": 1444.875066883475,
  "Lebanon": 1444.7001985778902,
  "Tajikistan": 1443.7060135873166,
  "Mauritania": 1443.6066155250794,
  "Vanuatu": 1442.300981195009,
  "Western Isles": 1440.8708158044249,
  "G\u0103g\u0103uzia": 1439.5482404833065,
  "Liberia": 1438.6372572203943,
  "Mayotte": 1438.4358993770315,
  "Gotland": 1437.833572775544,
  "Saint Barth\u00e9lemy": 1434.03285893124,
  "Equatorial Guinea": 1433.3965925236532,
  "Vatican City": 1430.2494126338838,
  "Orkney": 1428.1995544256952,
  "Armenia": 1424.0689356372122,
  "Luxembourg": 1423.464089868456,
  "Western Sahara": 1421.7097417693751,
  "Two Sicilies": 1421.6986563811154,
  "Zimbabwe": 1419.1527673579246,
  "Marshall Islands": 1418.2100987080635,
  "Barawa": 1413.5216847082072,
  "Estonia": 1411.0486660679742,
  "Fiji": 1409.9641549591774,
  "Raetia": 1409.8311015316467,